{"frechet_distance": 72.63002990255421, "frechet_audio_distance": 25.949492409315276, "kullback_leibler_divergence_sigmoid": 4.060464859008789, "kullback_leibler_divergence_softmax": 4.6832990646362305, "lsd": 7.9630534458160405, "psnr": 5.932699156280608, "ssim": 0.12951973623930071, "ssim_stft": 0.03505520645499254, "inception_score_mean": 1.4345015369359302, "inception_score_std": 0.23258767659121407, "kernel_inception_distance_mean": 0.08276224720982127, "kernel_inception_distance_std": 1.8537815886140217e-07}